{
  "users": [
    {
      "id": "1234567890",
      "username": "testuser",
      "email": "test@example.com",
      "password": "$2a$10$XgbqbodfdDILvc.Fdsz30O0o7jFpn6/QAJ25Xy8xhdZR0S772oNZm",
      "createdAt": "2025-04-08T06:03:38.917Z"
    }
  ],
  "photos": [
    {
      "id": "1",
      "title": "Beautiful Sunset",
      "description": "A stunning sunset over the ocean.\n\nThe golden light reflects off the water creating a magical atmosphere.",
      "category": "nature",
      "attribution": "Photo by John Smith on Unsplash",
      "path": "/uploads/sunset.jpg",
      "likes": 15,
      "userId": "1234567890",
      "uploadDate": "2025-04-01T06:03:38.917Z"
    },
    {
      "id": "2",
      "title": "Mountain Landscape",
      "description": "Majestic mountains with snow caps.\n\nTaken during a hiking trip in the Alps last summer.",
      "category": "landscape",
      "path": "/uploads/mountains.jpg",
      "likes": 8,
      "userId": "1234567890",
      "uploadDate": "2025-04-03T06:03:38.917Z"
    },
    {
      "id": "3",
      "title": "City Skyline",
      "description": "Urban skyline at night with lights.\n\nThe city comes alive after dark with thousands of twinkling lights.",
      "category": "urban",
      "attribution": "Photo by Jane Doe on Pixabay",
      "path": "/uploads/city.jpg",
      "likes": 12,
      "userId": "1234567890",
      "uploadDate": "2025-04-05T06:03:38.917Z"
    }
  ]
}