{
  "users": [
    {
      "id": "1234567890",
      "username": "testuser",
      "email": "test@example.com",
      "password": "$2a$10$DxHqaQFKtyKqjWhkQSFRVetzV6TItdK1zuxXi3sx9QoNlRzdBt4.a",
      "isAdmin": true,
      "createdAt": "2025-04-08T17:52:51.177Z"
    }
  ],
  "photos": [
    {
      "id": "1",
      "title": "Photo 1744132159400 913071229",
      "description": "Description for Photo 1744132159400 913071229",
      "category": "uncategorized",
      "path": "/uploads/photo-1744132159400-913071229.jpg",
      "filename": "photo-1744132159400-913071229.jpg",
      "likes": 18,
      "userId": "1234567890",
      "uploadDate": "2025-04-08T17:52:51.178Z"
    },
    {
      "id": "2",
      "title": "Photo 1744132200008 535632274",
      "description": "Description for Photo 1744132200008 535632274",
      "category": "uncategorized",
      "path": "/uploads/photo-1744132200008-535632274.jpg",
      "filename": "photo-1744132200008-535632274.jpg",
      "likes": 2,
      "userId": "1234567890",
      "uploadDate": "2025-04-07T17:52:51.178Z"
    },
    {
      "id": "3",
      "title": "Photo 1744132289007 188091196",
      "description": "Description for Photo 1744132289007 188091196",
      "category": "uncategorized",
      "path": "/uploads/photo-1744132289007-188091196.jpg",
      "filename": "photo-1744132289007-188091196.jpg",
      "likes": 18,
      "userId": "1234567890",
      "uploadDate": "2025-04-06T17:52:51.178Z"
    },
    {
      "id": "4",
      "title": "Photo 1744132331538 227908911",
      "description": "Description for Photo 1744132331538 227908911",
      "category": "uncategorized",
      "path": "/uploads/photo-1744132331538-227908911.jpg",
      "filename": "photo-1744132331538-227908911.jpg",
      "likes": 4,
      "userId": "1234567890",
      "uploadDate": "2025-04-05T17:52:51.178Z"
    },
    {
      "id": "5",
      "title": "Photo 1744132409789 244498993",
      "description": "Description for Photo 1744132409789 244498993",
      "category": "uncategorized",
      "path": "/uploads/photo-1744132409789-244498993.jpg",
      "filename": "photo-1744132409789-244498993.jpg",
      "likes": 7,
      "userId": "1234567890",
      "uploadDate": "2025-04-04T17:52:51.178Z"
    },
    {
      "id": "6",
      "title": "Photo 1744132461913 415511779",
      "description": "Description for Photo 1744132461913 415511779",
      "category": "uncategorized",
      "path": "/uploads/photo-1744132461913-415511779.jpg",
      "filename": "photo-1744132461913-415511779.jpg",
      "likes": 18,
      "userId": "1234567890",
      "uploadDate": "2025-04-03T17:52:51.178Z"
    },
    {
      "id": "7",
      "title": "Photo 1744132588432 346054202",
      "description": "Description for Photo 1744132588432 346054202",
      "category": "uncategorized",
      "path": "/uploads/photo-1744132588432-346054202.jpg",
      "filename": "photo-1744132588432-346054202.jpg",
      "likes": 12,
      "userId": "1234567890",
      "uploadDate": "2025-04-02T17:52:51.178Z"
    }
  ]
}